pipe:4, 9

62.78 109.913 -103.529
62.761 109.929 -103.543
0 0 0
0 0 0
0 0 0
0 0 0
0 0 0
0 0 0
0.233 -0.027 0.199
0.25 -0.01 0.18
0.245 0.006 0.204
0.252 -0.018 0.204
0.271 -0.027 0.184
0.259 -0.045 0.198
0.251 -0.037 0.195
0.24 -0.031 0.179
0.227 -0.048 0.185
0.212 -0.072 0.2
0.206 -0.074 0.226
0.21 -0.086 0.212
0.204 -0.086 0.233
0.194 -0.083 0.261
0.198 -0.087 0.274
0.19 -0.088 0.275
0.178 -0.086 0.302
0.163 -0.079 0.324
0.151 -0.045 0.349
0.193 0.067 -0.033
0.194 0.058 0.001
0.194 0.064 0.021
sumTime,angle,sumTime,angleCorrectionPower: , 5521.82 ,  -6.70599 , 5521.82 , -13.7339 ,  wheelPowerCorectionFactor: , 1 , BeforeAnglePIDWheelPower: , 0 , 
sumTime,angle,sumTime,angleCorrectionPower: , 5538.02 ,  -6.703 , 5538.02 , -13.7278 ,  wheelPowerCorectionFactor: , 1 , BeforeAnglePIDWheelPower: , 0 , 
sumTime,angle,sumTime,angleCorrectionPower: , 6326.5 ,  -12.685 , 6326.5 , -25.9789 ,  wheelPowerCorectionFactor: , 1 , BeforeAnglePIDWheelPower: , 0 , 
sumTime,angle,sumTime,angleCorrectionPower: , 6342.71 ,  -12.481 , 6342.71 , -25.5611 ,  wheelPowerCorectionFactor: , 1 , BeforeAnglePIDWheelPower: , 0 , 
sumTime,angle,sumTime,angleCorrectionPower: , 6360.76 ,  -12.727 , 6360.76 , -26.0649 ,  wheelPowerCorectionFactor: , 1 , BeforeAnglePIDWheelPower: , 0 , 
sumTime,angle,sumTime,angleCorrectionPower: , 6377.06 ,  -10.693 , 6377.06 , -21.8992 ,  wheelPowerCorectionFactor: , 1 , BeforeAnglePIDWheelPower: , 0 , 
sumTime,angle,sumTime,angleCorrectionPower: , 6393.23 ,  -8.97701 , 6393.23 , -18.3849 ,  wheelPowerCorectionFactor: , 1 , BeforeAnglePIDWheelPower: , 0 , 
sumTime,angle,sumTime,angleCorrectionPower: , 6409.32 ,  -7.161 , 6409.32 , -14.6657 ,  wheelPowerCorectionFactor: , 1 , BeforeAnglePIDWheelPower: , 0 , 
sumTime,angle,sumTime,angleCorrectionPower: , 6425.33 ,  -6.231 , 6425.33 , -12.7611 ,  wheelPowerCorectionFactor: , 1 , BeforeAnglePIDWheelPower: , 0 , 
sumTime,angle,sumTime,angleCorrectionPower: , 6441.62 ,  -4.892 , 6441.62 , -10.0188 ,  wheelPowerCorectionFactor: , 1 , BeforeAnglePIDWheelPower: , 0 , 
sumTime,angle,sumTime,angleCorrectionPower: , 6458.33 ,  -3.718 , 6458.33 , -7.61447 ,  wheelPowerCorectionFactor: , 1 , BeforeAnglePIDWheelPower: , 0 , 
sumTime,angle,sumTime,angleCorrectionPower: , 6475.02 ,  -0.988007 , 6475.02 , -2.02344 ,  wheelPowerCorectionFactor: , 1 , BeforeAnglePIDWheelPower: , 0 , 
sumTime,angle,sumTime,angleCorrectionPower: , 6492.47 ,  0.217 , 6492.47 , 0.444416 ,  wheelPowerCorectionFactor: , 1 , BeforeAnglePIDWheelPower: , 0 , 
sumTime,angle,sumTime,angleCorrectionPower: , 6509.39 ,  0.937 , 6509.39 , 1.91898 ,  wheelPowerCorectionFactor: , 1 , BeforeAnglePIDWheelPower: , 0 , 
sumTime,angle,sumTime,angleCorrectionPower: , 6525.21 ,  1.326 , 6525.21 , 2.71565 ,  wheelPowerCorectionFactor: , 1 , BeforeAnglePIDWheelPower: , 0 , 
sumTime,angle,sumTime,angleCorrectionPower: , 6541.74 ,  1.37 , 6541.74 , 2.80576 ,  wheelPowerCorectionFactor: , 1 , BeforeAnglePIDWheelPower: , 0 , 
sumTime,angle,sumTime,angleCorrectionPower: , 6557.96 ,  0.43 , 6557.96 , 0.88064 ,  wheelPowerCorectionFactor: , 1 , BeforeAnglePIDWheelPower: , 0 , 
sumTime,angle,sumTime,angleCorrectionPower: , 6573.89 ,  -0.697006 , 6573.89 , -1.42747 ,  wheelPowerCorectionFactor: , 1 , BeforeAnglePIDWheelPower: , 0 , 
sumTime,angle,sumTime,angleCorrectionPower: , 6586.47 ,  -1.86301 , 6586.47 , -3.81544 ,  wheelPowerCorectionFactor: , 1 , BeforeAnglePIDWheelPower: , 0 , 
sumTime,angle,sumTime,angleCorrectionPower: , 6595.39 ,  -1.86301 , 6595.39 , -3.81544 ,  wheelPowerCorectionFactor: , 1 , BeforeAnglePIDWheelPower: , 0 , 
sumTime,angle,sumTime,angleCorrectionPower: , 6604.12 ,  -3.29201 , 6604.12 , -6.74203 ,  wheelPowerCorectionFactor: , 1 , BeforeAnglePIDWheelPower: , 0 , 
sumTime,angle,sumTime,angleCorrectionPower: , 6612.83 ,  -3.86 , 6612.83 , -7.90528 ,  wheelPowerCorectionFactor: , 1 , BeforeAnglePIDWheelPower: , 0 , 
sumTime,angle,sumTime,angleCorrectionPower: , 6621.88 ,  -3.86 , 6621.88 , -7.90528 ,  wheelPowerCorectionFactor: , 1 , BeforeAnglePIDWheelPower: , 0 , 
sumTime,angle,sumTime,angleCorrectionPower: , 6630.72 ,  -3.907 , 6630.72 , -8.00153 ,  wheelPowerCorectionFactor: , 1 , BeforeAnglePIDWheelPower: , 0 , 
sumTime,angle,sumTime,angleCorrectionPower: , 6639.37 ,  -3.769 , 6639.37 , -7.71891 ,  wheelPowerCorectionFactor: , 1 , BeforeAnglePIDWheelPower: , 0 , 
sumTime,angle,sumTime,angleCorrectionPower: , 6648.65 ,  -2.929 , 6648.65 , -5.99859 ,  wheelPowerCorectionFactor: , 1 , BeforeAnglePIDWheelPower: , 0 , 
sumTime,angle,sumTime,angleCorrectionPower: , 6657.54 ,  -2.929 , 6657.54 , -5.99859 ,  wheelPowerCorectionFactor: , 1 , BeforeAnglePIDWheelPower: , 0 , 
sumTime,angle,sumTime,angleCorrectionPower: , 6666.35 ,  -1.959 , 6666.35 , -4.01203 ,  wheelPowerCorectionFactor: , 1 , BeforeAnglePIDWheelPower: , 0 , 
sumTime,angle,sumTime,angleCorrectionPower: , 6675.06 ,  -1.37801 , 6675.06 , -2.82216 ,  wheelPowerCorectionFactor: , 1 , BeforeAnglePIDWheelPower: , 0 , 
sumTime,angle,sumTime,angleCorrectionPower: , 6684.03 ,  -1.37801 , 6684.03 , -2.82216 ,  wheelPowerCorectionFactor: , 1 , BeforeAnglePIDWheelPower: , 0 , 
sumTime,angle,sumTime,angleCorrectionPower: , 6692.78 ,  -0.768997 , 6692.78 , -1.57491 ,  wheelPowerCorectionFactor: , 1 , BeforeAnglePIDWheelPower: , 0 , 
sumTime,angle,sumTime,angleCorrectionPower: , 6701.53 ,  0.602 , 6701.53 , 1.2329 ,  wheelPowerCorectionFactor: , 1 , BeforeAnglePIDWheelPower: , 0 , 
sumTime,angle,sumTime,angleCorrectionPower: , 6710.2 ,  0.602 , 6710.2 , 1.2329 ,  wheelPowerCorectionFactor: , 1 , BeforeAnglePIDWheelPower: , 0 , 
sumTime,angle,sumTime,angleCorrectionPower: , 6719.34 ,  0.343 , 6719.34 , 0.702464 ,  wheelPowerCorectionFactor: , 1 , BeforeAnglePIDWheelPower: , 0 , 
sumTime,angle,sumTime,angleCorrectionPower: , 6728.67 ,  1.463 , 6728.67 , 2.99622 ,  wheelPowerCorectionFactor: , 1 , BeforeAnglePIDWheelPower: , 0 , 
sumTime,angle,sumTime,angleCorrectionPower: , 6738.1 ,  2.1 , 6738.1 , 4.3008 ,  wheelPowerCorectionFactor: , 1 , BeforeAnglePIDWheelPower: , 0 , 
sumTime,angle,sumTime,angleCorrectionPower: , 6747.78 ,  2.1 , 6747.78 , 4.3008 ,  wheelPowerCorectionFactor: , 1 , BeforeAnglePIDWheelPower: , 0 , 
sumTime,angle,sumTime,angleCorrectionPower: , 6757.29 ,  2.482 , 6757.29 , 5.08314 ,  wheelPowerCorectionFactor: , 1 , BeforeAnglePIDWheelPower: , 0 , 
sumTime,angle,sumTime,angleCorrectionPower: , 6766.45 ,  2.828 , 6766.45 , 5.79174 ,  wheelPowerCorectionFactor: , 1 , BeforeAnglePIDWheelPower: , 0 , 
sumTime,angle,sumTime,angleCorrectionPower: , 6775.9 ,  2.828 , 6775.9 , 5.79174 ,  wheelPowerCorectionFactor: , 1 , BeforeAnglePIDWheelPower: , 0 , 
sumTime,angle,sumTime,angleCorrectionPower: , 6785.02 ,  0.981 , 6785.02 , 2.00909 ,  wheelPowerCorectionFactor: , 1 , BeforeAnglePIDWheelPower: , 0 , 
sumTime,angle,sumTime,angleCorrectionPower: , 6794.2 ,  -0.647995 , 6794.2 , -1.32709 ,  wheelPowerCorectionFactor: , 1 , BeforeAnglePIDWheelPower: , 0 , 
sumTime,angle,sumTime,angleCorrectionPower: , 6802.94 ,  -2.36099 , 6802.94 , -4.83531 ,  wheelPowerCorectionFactor: , 1 , BeforeAnglePIDWheelPower: , 0 , 
sumTime,angle,sumTime,angleCorrectionPower: , 6811.98 ,  -2.36099 , 6811.98 , -4.83531 ,  wheelPowerCorectionFactor: , 1 , BeforeAnglePIDWheelPower: , 0 , 
sumTime,angle,sumTime,angleCorrectionPower: , 6821.63 ,  -4.767 , 6821.63 , -9.76281 ,  wheelPowerCorectionFactor: , 1 , BeforeAnglePIDWheelPower: , 0 , 
sumTime,angle,sumTime,angleCorrectionPower: , 6830.88 ,  -5.853 , 6830.88 , -11.9869 ,  wheelPowerCorectionFactor: , 1 , BeforeAnglePIDWheelPower: , 0 , 
sumTime,angle,sumTime,angleCorrectionPower: , 6840.43 ,  -6.605 , 6840.43 , -13.527 ,  wheelPowerCorectionFactor: , 1 , BeforeAnglePIDWheelPower: , 0 , 
sumTime,angle,sumTime,angleCorrectionPower: , 6850.16 ,  -6.605 , 6850.16 , -13.527 ,  wheelPowerCorectionFactor: , 1 , BeforeAnglePIDWheelPower: , 0 , 
sumTime,angle,sumTime,angleCorrectionPower: , 6859.73 ,  -6.672 , 6859.73 , -13.6642 ,  wheelPowerCorectionFactor: , 1 , BeforeAnglePIDWheelPower: , 0 , 
sumTime,angle,sumTime,angleCorrectionPower: , 6869.02 ,  -6.341 , 6869.02 , -12.9864 ,  wheelPowerCorectionFactor: , 1 , BeforeAnglePIDWheelPower: , 0 , 
sumTime,angle,sumTime,angleCorrectionPower: , 6878.8 ,  -6.341 , 6878.8 , -12.9864 ,  wheelPowerCorectionFactor: , 1 , BeforeAnglePIDWheelPower: , 0 , 
sumTime,angle,sumTime,angleCorrectionPower: , 6888.33 ,  -5.88699 , 6888.33 , -12.0566 ,  wheelPowerCorectionFactor: , 1 , BeforeAnglePIDWheelPower: , 0 , 
sumTime,angle,sumTime,angleCorrectionPower: , 6897.21 ,  -6.09 , 6897.21 , -12.4723 ,  wheelPowerCorectionFactor: , 1 , BeforeAnglePIDWheelPower: , 0 , 
sumTime,angle,sumTime,angleCorrectionPower: , 6906.88 ,  -5.149 , 6906.88 , -10.5452 ,  wheelPowerCorectionFactor: , 1 , BeforeAnglePIDWheelPower: , 0 , 
sumTime,angle,sumTime,angleCorrectionPower: , 6916.09 ,  -5.149 , 6916.09 , -10.5452 ,  wheelPowerCorectionFactor: , 1 , BeforeAnglePIDWheelPower: , 0 , 
sumTime,angle,sumTime,angleCorrectionPower: , 6925.86 ,  -4.41299 , 6925.86 , -9.03781 ,  wheelPowerCorectionFactor: , 1 , BeforeAnglePIDWheelPower: , 0 , 
sumTime,angle,sumTime,angleCorrectionPower: , 6935.23 ,  -3.774 , 6935.23 , -7.72916 ,  wheelPowerCorectionFactor: , 1 , BeforeAnglePIDWheelPower: , 0 , 
sumTime,angle,sumTime,angleCorrectionPower: , 6944.92 ,  -3.411 , 6944.92 , -6.98572 ,  wheelPowerCorectionFactor: , 1 , BeforeAnglePIDWheelPower: , 0 , 
sumTime,angle,sumTime,angleCorrectionPower: , 6954.21 ,  -3.411 , 6954.21 , -6.98572 ,  wheelPowerCorectionFactor: , 1 , BeforeAnglePIDWheelPower: , 0 , 
sumTime,angle,sumTime,angleCorrectionPower: , 6963.39 ,  -2.19501 , 6963.39 , -4.49538 ,  wheelPowerCorectionFactor: , 1 , BeforeAnglePIDWheelPower: , 0 , 
sumTime,angle,sumTime,angleCorrectionPower: , 6972.98 ,  -0.742996 , 6972.98 , -1.52166 ,  wheelPowerCorectionFactor: , 1 , BeforeAnglePIDWheelPower: , 0 , 
sumTime,angle,sumTime,angleCorrectionPower: , 6982.74 ,  -0.742996 , 6982.74 , -1.52166 ,  wheelPowerCorectionFactor: , 1 , BeforeAnglePIDWheelPower: , 0 , 
sumTime,angle,sumTime,angleCorrectionPower: , 6992.76 ,  -0.0820007 , 6992.76 , -0.167937 ,  wheelPowerCorectionFactor: , 1 , BeforeAnglePIDWheelPower: , 0 , 
sumTime,angle,sumTime,angleCorrectionPower: , 7001.59 ,  -0.505005 , 7001.59 , -1.03425 ,  wheelPowerCorectionFactor: , 1 , BeforeAnglePIDWheelPower: , 0 , 
sumTime,angle,sumTime,angleCorrectionPower: , 7010.76 ,  -0.932007 , 7010.76 , -1.90875 ,  wheelPowerCorectionFactor: , 1 , BeforeAnglePIDWheelPower: , 0 , 
sumTime,angle,sumTime,angleCorrectionPower: , 7019.66 ,  -0.932007 , 7019.66 , -1.90875 ,  wheelPowerCorectionFactor: , 1 , BeforeAnglePIDWheelPower: , 0 , 
sumTime,angle,sumTime,angleCorrectionPower: , 7029.02 ,  -1.925 , 7029.02 , -3.94241 ,  wheelPowerCorectionFactor: , 1 , BeforeAnglePIDWheelPower: , 0 , 
sumTime,angle,sumTime,angleCorrectionPower: , 7038.5 ,  -1.508 , 7038.5 , -3.08838 ,  wheelPowerCorectionFactor: , 1 , BeforeAnglePIDWheelPower: , 0 , 
sumTime,angle,sumTime,angleCorrectionPower: , 7054.63 ,  -2.119 , 7054.63 , -4.33972 ,  wheelPowerCorectionFactor: , 1 , BeforeAnglePIDWheelPower: , 0 , 
sumTime,angle,sumTime,angleCorrectionPower: , 7070.72 ,  -2.793 , 7070.72 , -5.72006 ,  wheelPowerCorectionFactor: , 1 , BeforeAnglePIDWheelPower: , 0 , 
sumTime,angle,sumTime,angleCorrectionPower: , 7088.21 ,  -2.265 , 7088.21 , -4.63872 ,  wheelPowerCorectionFactor: , 1 , BeforeAnglePIDWheelPower: , 0 , 
sumTime,angle,sumTime,angleCorrectionPower: , 7106.48 ,  -2.646 , 7106.48 , -5.419 ,  wheelPowerCorectionFactor: , 1 , BeforeAnglePIDWheelPower: , 0 , 
sumTime,angle,sumTime,angleCorrectionPower: , 7123.2 ,  -1.278 , 7123.2 , -2.61734 ,  wheelPowerCorectionFactor: , 1 , BeforeAnglePIDWheelPower: , 0 , 
sumTime,angle,sumTime,angleCorrectionPower: , 7139.33 ,  -1.526 , 7139.33 , -3.12525 ,  wheelPowerCorectionFactor: , 1 , BeforeAnglePIDWheelPower: , 0 , 
sumTime,angle,sumTime,angleCorrectionPower: , 7155.34 ,  -1.40601 , 7155.34 , -2.8795 ,  wheelPowerCorectionFactor: , 1 , BeforeAnglePIDWheelPower: , 0 , 
sumTime,angle,sumTime,angleCorrectionPower: , 7171.37 ,  -2.00101 , 7171.37 , -4.09806 ,  wheelPowerCorectionFactor: , 1 , BeforeAnglePIDWheelPower: , 0 , 
sumTime,angle,sumTime,angleCorrectionPower: , 7187.53 ,  -0.899994 , 7187.53 , -1.84319 ,  wheelPowerCorectionFactor: , 1 , BeforeAnglePIDWheelPower: , 0 , 
sumTime,angle,sumTime,angleCorrectionPower: , 7203.51 ,  -1.26801 , 7203.51 , -2.59687 ,  wheelPowerCorectionFactor: , 1 , BeforeAnglePIDWheelPower: , 0 , 
sumTime,angle,sumTime,angleCorrectionPower: , 7219.63 ,  -0.0789948 , 7219.63 , -0.161781 ,  wheelPowerCorectionFactor: , 1 , BeforeAnglePIDWheelPower: , 0 , 
sumTime,angle,sumTime,angleCorrectionPower: , 7235.74 ,  0.943 , 7235.74 , 1.93126 ,  wheelPowerCorectionFactor: , 1 , BeforeAnglePIDWheelPower: , 0 , 
sumTime,angle,sumTime,angleCorrectionPower: , 7252.07 ,  0.262 , 7252.07 , 0.536576 ,  wheelPowerCorectionFactor: , 1 , BeforeAnglePIDWheelPower: , 0 , 
sumTime,angle,sumTime,angleCorrectionPower: , 7269.54 ,  -1.08701 , 7269.54 , -2.22619 ,  wheelPowerCorectionFactor: , 1 , BeforeAnglePIDWheelPower: , 0 , 
sumTime,angle,sumTime,angleCorrectionPower: , 7285.67 ,  -1.037 , 7285.67 , -2.12378 ,  wheelPowerCorectionFactor: , 1 , BeforeAnglePIDWheelPower: , 0 , 
sumTime,angle,sumTime,angleCorrectionPower: , 7302.55 ,  -1.151 , 7302.55 , -2.35725 ,  wheelPowerCorectionFactor: , 1 , BeforeAnglePIDWheelPower: , 0 , 
sumTime,angle,sumTime,angleCorrectionPower: , 7318.68 ,  -2.606 , 7318.68 , -5.33709 ,  wheelPowerCorectionFactor: , 1 , BeforeAnglePIDWheelPower: , 0 , 
sumTime,angle,sumTime,angleCorrectionPower: , 7335.47 ,  -3.92799 , 7335.47 , -8.04453 ,  wheelPowerCorectionFactor: , 1 , BeforeAnglePIDWheelPower: , 0 , 
sumTime,angle,sumTime,angleCorrectionPower: , 7348.26 ,  -5.606 , 7348.26 , -11.4811 ,  wheelPowerCorectionFactor: , 1 , BeforeAnglePIDWheelPower: , 0 , 
sumTime,angle,sumTime,angleCorrectionPower: , 7357.06 ,  -5.12399 , 7357.06 , -10.4939 ,  wheelPowerCorectionFactor: , 1 , BeforeAnglePIDWheelPower: , 0 , 
sumTime,angle,sumTime,angleCorrectionPower: , 7365.89 ,  -5.12399 , 7365.89 , -10.4939 ,  wheelPowerCorectionFactor: , 1 , BeforeAnglePIDWheelPower: , 0 , 
sumTime,angle,sumTime,angleCorrectionPower: , 7375.1 ,  -6.095 , 7375.1 , -12.4826 ,  wheelPowerCorectionFactor: , 1 , BeforeAnglePIDWheelPower: , 0 , 
sumTime,angle,sumTime,angleCorrectionPower: , 7384.32 ,  -5.39799 , 7384.32 , -11.0551 ,  wheelPowerCorectionFactor: , 1 , BeforeAnglePIDWheelPower: , 0 , 
sumTime,angle,sumTime,angleCorrectionPower: , 7393.15 ,  -5.901 , 7393.15 , -12.0853 ,  wheelPowerCorectionFactor: , 1 , BeforeAnglePIDWheelPower: , 0 , 
sumTime,angle,sumTime,angleCorrectionPower: , 7402.16 ,  -5.901 , 7402.16 , -12.0853 ,  wheelPowerCorectionFactor: , 1 , BeforeAnglePIDWheelPower: , 0 , 
sumTime,angle,sumTime,angleCorrectionPower: , 7411.02 ,  -6.088 , 7411.02 , -12.4682 ,  wheelPowerCorectionFactor: , 1 , BeforeAnglePIDWheelPower: , 0 , 
sumTime,angle,sumTime,angleCorrectionPower: , 7419.74 ,  -6.26401 , 7419.74 , -12.8287 ,  wheelPowerCorectionFactor: , 1 , BeforeAnglePIDWheelPower: , 0 , 
sumTime,angle,sumTime,angleCorrectionPower: , 7428.61 ,  -6.26401 , 7428.61 , -12.8287 ,  wheelPowerCorectionFactor: , 1 , BeforeAnglePIDWheelPower: , 0 , 
sumTime,angle,sumTime,angleCorrectionPower: , 7437.61 ,  -6.50101 , 7437.61 , -13.3141 ,  wheelPowerCorectionFactor: , 1 , BeforeAnglePIDWheelPower: , 0 , 
sumTime,angle,sumTime,angleCorrectionPower: , 7446.69 ,  -4.783 , 7446.69 , -9.79559 ,  wheelPowerCorectionFactor: , 1 , BeforeAnglePIDWheelPower: , 0 , 
sumTime,angle,sumTime,angleCorrectionPower: , 7455.79 ,  -4.783 , 7455.79 , -9.79559 ,  wheelPowerCorectionFactor: , 1 , BeforeAnglePIDWheelPower: , 0 , 
sumTime,angle,sumTime,angleCorrectionPower: , 7464.67 ,  -5.312 , 7464.67 , -10.879 ,  wheelPowerCorectionFactor: , 1 , BeforeAnglePIDWheelPower: , 0 , 
sumTime,angle,sumTime,angleCorrectionPower: , 7473.43 ,  -5.25 , 7473.43 , -10.752 ,  wheelPowerCorectionFactor: , 1 , BeforeAnglePIDWheelPower: , 0 , 
sumTime,angle,sumTime,angleCorrectionPower: , 7482.48 ,  -5.61501 , 7482.48 , -11.4995 ,  wheelPowerCorectionFactor: , 1 , BeforeAnglePIDWheelPower: , 0 , 
sumTime,angle,sumTime,angleCorrectionPower: , 7491.5 ,  -5.61501 , 7491.5 , -11.4995 ,  wheelPowerCorectionFactor: , 1 , BeforeAnglePIDWheelPower: , 0 , 
sumTime,angle,sumTime,angleCorrectionPower: , 7500.74 ,  -6.04401 , 7500.74 , -12.3781 ,  wheelPowerCorectionFactor: , 1 , BeforeAnglePIDWheelPower: , 0 , 
sumTime,angle,sumTime,angleCorrectionPower: , 7509.53 ,  -6.45399 , 7509.53 , -13.2178 ,  wheelPowerCorectionFactor: , 1 , BeforeAnglePIDWheelPower: , 0 , 
sumTime,angle,sumTime,angleCorrectionPower: , 7518.87 ,  -6.45399 , 7518.87 , -13.2178 ,  wheelPowerCorectionFactor: , 1 , BeforeAnglePIDWheelPower: , 0 , 
sumTime,angle,sumTime,angleCorrectionPower: , 7528.54 ,  -6.76601 , 7528.54 , -13.8568 ,  wheelPowerCorectionFactor: , 1 , BeforeAnglePIDWheelPower: , 0 , 
sumTime,angle,sumTime,angleCorrectionPower: , 7537.94 ,  -5.392 , 7537.94 , -11.0428 ,  wheelPowerCorectionFactor: , 1 , BeforeAnglePIDWheelPower: , 0 , 
sumTime,angle,sumTime,angleCorrectionPower: , 7546.9 ,  -5.392 , 7546.9 , -11.0428 ,  wheelPowerCorectionFactor: , 1 , BeforeAnglePIDWheelPower: , 0 , 
sumTime,angle,sumTime,angleCorrectionPower: , 7555.71 ,  -5.836 , 7555.71 , -11.9521 ,  wheelPowerCorectionFactor: , 1 , BeforeAnglePIDWheelPower: , 0 , 
sumTime,angle,sumTime,angleCorrectionPower: , 7564.34 ,  -6.15401 , 7564.34 , -12.6034 ,  wheelPowerCorectionFactor: , 1 , BeforeAnglePIDWheelPower: , 0 , 
sumTime,angle,sumTime,angleCorrectionPower: , 7573.21 ,  -4.84 , 7573.21 , -9.91231 ,  wheelPowerCorectionFactor: , 1 , BeforeAnglePIDWheelPower: , 0 , 
sumTime,angle,sumTime,angleCorrectionPower: , 7582.01 ,  -4.84 , 7582.01 , -9.91231 ,  wheelPowerCorectionFactor: , 1 , BeforeAnglePIDWheelPower: , 0 , 
sumTime,angle,sumTime,angleCorrectionPower: , 7590.9 ,  -5.37199 , 7590.9 , -11.0018 ,  wheelPowerCorectionFactor: , 1 , BeforeAnglePIDWheelPower: , 0 , 
sumTime,angle,sumTime,angleCorrectionPower: , 7599.85 ,  -4.11099 , 7599.85 , -8.41931 ,  wheelPowerCorectionFactor: , 1 , BeforeAnglePIDWheelPower: , 0 , 
sumTime,angle,sumTime,angleCorrectionPower: , 7609.1 ,  -4.11099 , 7609.1 , -8.41931 ,  wheelPowerCorectionFactor: , 1 , BeforeAnglePIDWheelPower: , 0 , 
sumTime,angle,sumTime,angleCorrectionPower: , 7618.1 ,  -2.55901 , 7618.1 , -5.24084 ,  wheelPowerCorectionFactor: , 1 , BeforeAnglePIDWheelPower: , 0 , 
sumTime,angle,sumTime,angleCorrectionPower: , 7627.19 ,  -1.015 , 7627.19 , -2.07872 ,  wheelPowerCorectionFactor: , 1 , BeforeAnglePIDWheelPower: , 0 , 
sumTime,angle,sumTime,angleCorrectionPower: , 7636.44 ,  -1.459 , 7636.44 , -2.98803 ,  wheelPowerCorectionFactor: , 1 , BeforeAnglePIDWheelPower: , 0 , 
sumTime,angle,sumTime,angleCorrectionPower: , 7646.05 ,  -1.459 , 7646.05 , -2.98803 ,  wheelPowerCorectionFactor: , 1 , BeforeAnglePIDWheelPower: , 0 , 
sumTime,angle,sumTime,angleCorrectionPower: , 7655.41 ,  -1.87 , 7655.41 , -3.82975 ,  wheelPowerCorectionFactor: , 1 , BeforeAnglePIDWheelPower: , 0 , 
sumTime,angle,sumTime,angleCorrectionPower: , 7664.4 ,  -0.731003 , 7664.4 , -1.49709 ,  wheelPowerCorectionFactor: , 1 , BeforeAnglePIDWheelPower: , 0 , 
sumTime,angle,sumTime,angleCorrectionPower: , 7673.56 ,  -0.731003 , 7673.56 , -1.49709 ,  wheelPowerCorectionFactor: , 1 , BeforeAnglePIDWheelPower: , 0 , 
sumTime,angle,sumTime,angleCorrectionPower: , 7682.23 ,  -1.715 , 7682.23 , -3.51231 ,  wheelPowerCorectionFactor: , 1 , BeforeAnglePIDWheelPower: , 0 , 
sumTime,angle,sumTime,angleCorrectionPower: , 7691.22 ,  -2.37399 , 7691.22 , -4.86194 ,  wheelPowerCorectionFactor: , 1 , BeforeAnglePIDWheelPower: , 0 , 
sumTime,angle,sumTime,angleCorrectionPower: , 7700.25 ,  -2.37399 , 7700.25 , -4.86194 ,  wheelPowerCorectionFactor: , 1 , BeforeAnglePIDWheelPower: , 0 , 
sumTime,angle,sumTime,angleCorrectionPower: , 7709.2 ,  -3.26801 , 7709.2 , -6.69287 ,  wheelPowerCorectionFactor: , 1 , BeforeAnglePIDWheelPower: , 0 , 
sumTime,angle,sumTime,angleCorrectionPower: , 7718.02 ,  -4.63499 , 7718.02 , -9.49247 ,  wheelPowerCorectionFactor: , 1 , BeforeAnglePIDWheelPower: , 0 , 
sumTime,angle,sumTime,angleCorrectionPower: , 7727.39 ,  -5.60201 , 7727.39 , -11.4729 ,  wheelPowerCorectionFactor: , 1 , BeforeAnglePIDWheelPower: , 0 , 
sumTime,angle,sumTime,angleCorrectionPower: , 7736.91 ,  -5.60201 , 7736.91 , -11.4729 ,  wheelPowerCorectionFactor: , 1 , BeforeAnglePIDWheelPower: , 0 , 
sumTime,angle,sumTime,angleCorrectionPower: , 7746.37 ,  -6.366 , 7746.37 , -13.0376 ,  wheelPowerCorectionFactor: , 1 , BeforeAnglePIDWheelPower: , 0 , 
sumTime,angle,sumTime,angleCorrectionPower: , 7755.53 ,  -5.162 , 7755.53 , -10.5718 ,  wheelPowerCorectionFactor: , 1 , BeforeAnglePIDWheelPower: , 0 , 
sumTime,angle,sumTime,angleCorrectionPower: , 7765.07 ,  -5.162 , 7765.07 , -10.5718 ,  wheelPowerCorectionFactor: , 1 , BeforeAnglePIDWheelPower: , 0 , 
sumTime,angle,sumTime,angleCorrectionPower: , 7774.07 ,  -5.567 , 7774.07 , -11.4012 ,  wheelPowerCorectionFactor: , 1 , BeforeAnglePIDWheelPower: , 0 , 
sumTime,angle,sumTime,angleCorrectionPower: , 7782.97 ,  -6.039 , 7782.97 , -12.3679 ,  wheelPowerCorectionFactor: , 1 , BeforeAnglePIDWheelPower: , 0 , 
sumTime,angle,sumTime,angleCorrectionPower: , 7791.79 ,  -4.567 , 7791.79 , -9.35322 ,  wheelPowerCorectionFactor: , 1 , BeforeAnglePIDWheelPower: , 0 , 
sumTime,angle,sumTime,angleCorrectionPower: , 7804.31 ,  -3.114 , 7804.31 , -6.37747 ,  wheelPowerCorectionFactor: , 1 , BeforeAnglePIDWheelPower: , 0 , 
sumTime,angle,sumTime,angleCorrectionPower: , 7820.34 ,  -3.619 , 7820.34 , -7.41172 ,  wheelPowerCorectionFactor: , 1 , BeforeAnglePIDWheelPower: , 0 , 
sumTime,angle,sumTime,angleCorrectionPower: , 7836.18 ,  -3.912 , 7836.18 , -8.01178 ,  wheelPowerCorectionFactor: , 1 , BeforeAnglePIDWheelPower: , 0 , 
sumTime,angle,sumTime,angleCorrectionPower: , 7852.38 ,  -2.55701 , 7852.38 , -5.23675 ,  wheelPowerCorectionFactor: , 1 , BeforeAnglePIDWheelPower: , 0 , 
sumTime,angle,sumTime,angleCorrectionPower: , 7868.49 ,  -1.157 , 7868.49 , -2.36953 ,  wheelPowerCorectionFactor: , 1 , BeforeAnglePIDWheelPower: , 0 , 
sumTime,angle,sumTime,angleCorrectionPower: , 7878.89 ,  -1.157 , 7878.89 , -2.36953 ,  wheelPowerCorectionFactor: , 1 , BeforeAnglePIDWheelPower: , 0 , 
sumTime,angle,sumTime,angleCorrectionPower: , 7887.84 ,  -1.653 , 7887.84 , -3.38534 ,  wheelPowerCorectionFactor: , 1 , BeforeAnglePIDWheelPower: , 0 , 
sumTime,angle,sumTime,angleCorrectionPower: , 7896.73 ,  -0.130005 , 7896.73 , -0.26625 ,  wheelPowerCorectionFactor: , 1 , BeforeAnglePIDWheelPower: , 0 , 
sumTime,angle,sumTime,angleCorrectionPower: , 7906.09 ,  -0.802002 , 7906.09 , -1.6425 ,  wheelPowerCorectionFactor: , 1 , BeforeAnglePIDWheelPower: , 0 , 
sumTime,angle,sumTime,angleCorrectionPower: , 7915.09 ,  -0.802002 , 7915.09 , -1.6425 ,  wheelPowerCorectionFactor: , 1 , BeforeAnglePIDWheelPower: , 0 , 
sumTime,angle,sumTime,angleCorrectionPower: , 7924.31 ,  -1.686 , 7924.31 , -3.45294 ,  wheelPowerCorectionFactor: , 1 , BeforeAnglePIDWheelPower: , 0 , 
sumTime,angle,sumTime,angleCorrectionPower: , 7933.35 ,  -2.88699 , 7933.35 , -5.91256 ,  wheelPowerCorectionFactor: , 1 , BeforeAnglePIDWheelPower: , 0 , 
sumTime,angle,sumTime,angleCorrectionPower: , 7942.4 ,  -2.88699 , 7942.4 , -5.91256 ,  wheelPowerCorectionFactor: , 1 , BeforeAnglePIDWheelPower: , 0 , 
sumTime,angle,sumTime,angleCorrectionPower: , 7951.19 ,  -4.241 , 7951.19 , -8.68556 ,  wheelPowerCorectionFactor: , 1 , BeforeAnglePIDWheelPower: , 0 , 
sumTime,angle,sumTime,angleCorrectionPower: , 7960.17 ,  -5.424 , 7960.17 , -11.1083 ,  wheelPowerCorectionFactor: , 1 , BeforeAnglePIDWheelPower: , 0 , 
sumTime,angle,sumTime,angleCorrectionPower: , 7969.62 ,  -4.662 , 7969.62 , -9.54778 ,  wheelPowerCorectionFactor: , 1 , BeforeAnglePIDWheelPower: , 0 , 
sumTime,angle,sumTime,angleCorrectionPower: , 7978.48 ,  -4.662 , 7978.48 , -9.54778 ,  wheelPowerCorectionFactor: , 1 , BeforeAnglePIDWheelPower: , 0 , 
sumTime,angle,sumTime,angleCorrectionPower: , 7987.99 ,  -3.98 , 7987.99 , -8.15103 ,  wheelPowerCorectionFactor: , 1 , BeforeAnglePIDWheelPower: , 0 , 
sumTime,angle,sumTime,angleCorrectionPower: , 7997.28 ,  -4.787 , 7997.28 , -9.80378 ,  wheelPowerCorectionFactor: , 1 , BeforeAnglePIDWheelPower: , 0 , 
sumTime,angle,sumTime,angleCorrectionPower: , 8006.87 ,  -4.787 , 8006.87 , -9.80378 ,  wheelPowerCorectionFactor: , 1 , BeforeAnglePIDWheelPower: , 0 , 
sumTime,angle,sumTime,angleCorrectionPower: , 8016.17 ,  -5.214 , 8016.17 , -10.6783 ,  wheelPowerCorectionFactor: , 1 , BeforeAnglePIDWheelPower: , 0 , 
sumTime,angle,sumTime,angleCorrectionPower: , 8025.12 ,  -3.90199 , 8025.12 , -7.99128 ,  wheelPowerCorectionFactor: , 1 , BeforeAnglePIDWheelPower: , 0 , 
sumTime,angle,sumTime,angleCorrectionPower: , 8034.47 ,  -2.573 , 8034.47 , -5.2695 ,  wheelPowerCorectionFactor: , 1 , BeforeAnglePIDWheelPower: , 0 , 
sumTime,angle,sumTime,angleCorrectionPower: , 8043.28 ,  -2.573 , 8043.28 , -5.2695 ,  wheelPowerCorectionFactor: , 1 , BeforeAnglePIDWheelPower: , 0 , 
sumTime,angle,sumTime,angleCorrectionPower: , 8052.34 ,  -2.95799 , 8052.34 , -6.05797 ,  wheelPowerCorectionFactor: , 1 , BeforeAnglePIDWheelPower: , 0 , 
sumTime,angle,sumTime,angleCorrectionPower: , 8061.18 ,  -2.974 , 8061.18 , -6.09075 ,  wheelPowerCorectionFactor: , 1 , BeforeAnglePIDWheelPower: , 0 , 
sumTime,angle,sumTime,angleCorrectionPower: , 8070.53 ,  -2.974 , 8070.53 , -6.09075 ,  wheelPowerCorectionFactor: , 1 , BeforeAnglePIDWheelPower: , 0 , 
sumTime,angle,sumTime,angleCorrectionPower: , 8079.9 ,  -3.252 , 8079.9 , -6.66009 ,  wheelPowerCorectionFactor: , 1 , BeforeAnglePIDWheelPower: , 0 , 
sumTime,angle,sumTime,angleCorrectionPower: , 8089.08 ,  -3.54601 , 8089.08 , -7.26222 ,  wheelPowerCorectionFactor: , 1 , BeforeAnglePIDWheelPower: , 0 , 
sumTime,angle,sumTime,angleCorrectionPower: , 8098.4 ,  -3.827 , 8098.4 , -7.83769 ,  wheelPowerCorectionFactor: , 1 , BeforeAnglePIDWheelPower: , 0 , 
sumTime,angle,sumTime,angleCorrectionPower: , 8107.65 ,  -3.827 , 8107.65 , -7.83769 ,  wheelPowerCorectionFactor: , 1 , BeforeAnglePIDWheelPower: , 0 , 
sumTime,angle,sumTime,angleCorrectionPower: , 8116.86 ,  -4.04401 , 8116.86 , -8.28213 ,  wheelPowerCorectionFactor: , 1 , BeforeAnglePIDWheelPower: , 0 , 
sumTime,angle,sumTime,angleCorrectionPower: , 8126.01 ,  -2.834 , 8126.01 , -5.80403 ,  wheelPowerCorectionFactor: , 1 , BeforeAnglePIDWheelPower: , 0 , 
sumTime,angle,sumTime,angleCorrectionPower: , 8135.52 ,  -2.834 , 8135.52 , -5.80403 ,  wheelPowerCorectionFactor: , 1 , BeforeAnglePIDWheelPower: , 0 , 
sumTime,angle,sumTime,angleCorrectionPower: , 8144.92 ,  -2.875 , 8144.92 , -5.888 ,  wheelPowerCorectionFactor: , 1 , BeforeAnglePIDWheelPower: , 0 , 
sumTime,angle,sumTime,angleCorrectionPower: , 8153.88 ,  -3.23599 , 8153.88 , -6.62731 ,  wheelPowerCorectionFactor: , 1 , BeforeAnglePIDWheelPower: , 0 , 
sumTime,angle,sumTime,angleCorrectionPower: , 8162.8 ,  -3.23599 , 8162.8 , -6.62731 ,  wheelPowerCorectionFactor: , 1 , BeforeAnglePIDWheelPower: , 0 , 
sumTime,angle,sumTime,angleCorrectionPower: , 8171.59 ,  -3.608 , 8171.59 , -7.38919 ,  wheelPowerCorectionFactor: , 1 , BeforeAnglePIDWheelPower: , 0 , 
sumTime,angle,sumTime,angleCorrectionPower: , 8180.39 ,  -3.494 , 8180.39 , -7.15572 ,  wheelPowerCorectionFactor: , 1 , BeforeAnglePIDWheelPower: , 0 , 
sumTime,angle,sumTime,angleCorrectionPower: , 8189.2 ,  -3.47701 , 8189.2 , -7.12091 ,  wheelPowerCorectionFactor: , 1 , BeforeAnglePIDWheelPower: , 0 , 
sumTime,angle,sumTime,angleCorrectionPower: , 8198.26 ,  -3.47701 , 8198.26 , -7.12091 ,  wheelPowerCorectionFactor: , 1 , BeforeAnglePIDWheelPower: , 0 , 
sumTime,angle,sumTime,angleCorrectionPower: , 8207.35 ,  -3.595 , 8207.35 , -7.36256 ,  wheelPowerCorectionFactor: , 1 , BeforeAnglePIDWheelPower: , 0 , 
sumTime,angle,sumTime,angleCorrectionPower: , 8216.27 ,  -2.093 , 8216.27 , -4.28647 ,  wheelPowerCorectionFactor: , 1 , BeforeAnglePIDWheelPower: , 0 , 
sumTime,angle,sumTime,angleCorrectionPower: , 8225.44 ,  -2.093 , 8225.44 , -4.28647 ,  wheelPowerCorectionFactor: , 1 , BeforeAnglePIDWheelPower: , 0 , 
sumTime,angle,sumTime,angleCorrectionPower: , 8234.56 ,  -2.47 , 8234.56 , -5.05856 ,  wheelPowerCorectionFactor: , 1 , BeforeAnglePIDWheelPower: , 0 , 
sumTime,angle,sumTime,angleCorrectionPower: , 8243.55 ,  -2.744 , 8243.55 , -5.61972 ,  wheelPowerCorectionFactor: , 1 , BeforeAnglePIDWheelPower: , 0 , 
sumTime,angle,sumTime,angleCorrectionPower: , 8253.12 ,  -2.806 , 8253.12 , -5.74669 ,  wheelPowerCorectionFactor: , 1 , BeforeAnglePIDWheelPower: , 0 , 
sumTime,angle,sumTime,angleCorrectionPower: , 8262.8 ,  -2.806 , 8262.8 , -5.74669 ,  wheelPowerCorectionFactor: , 1 , BeforeAnglePIDWheelPower: , 0 , 
sumTime,angle,sumTime,angleCorrectionPower: , 8272.28 ,  -2.927 , 8272.28 , -5.9945 ,  wheelPowerCorectionFactor: , 1 , BeforeAnglePIDWheelPower: , 0 , 
sumTime,angle,sumTime,angleCorrectionPower: , 8281.18 ,  -1.245 , 8281.18 , -2.54975 ,  wheelPowerCorectionFactor: , 1 , BeforeAnglePIDWheelPower: , 0 , 
sumTime,angle,sumTime,angleCorrectionPower: , 8290.73 ,  -1.245 , 8290.73 , -2.54975 ,  wheelPowerCorectionFactor: , 1 , BeforeAnglePIDWheelPower: , 0 , 
sumTime,angle,sumTime,angleCorrectionPower: , 8299.52 ,  -0.0350037 , 8299.52 , -0.0716875 ,  wheelPowerCorectionFactor: , 1 , BeforeAnglePIDWheelPower: , 0 , 
sumTime,angle,sumTime,angleCorrectionPower: , 8308.84 ,  -0.356003 , 8308.84 , -0.729094 ,  wheelPowerCorectionFactor: , 1 , BeforeAnglePIDWheelPower: , 0 , 
sumTime,angle,sumTime,angleCorrectionPower: , 8317.69 ,  -0.356003 , 8317.69 , -0.729094 ,  wheelPowerCorectionFactor: , 1 , BeforeAnglePIDWheelPower: , 0 , 
sumTime,angle,sumTime,angleCorrectionPower: , 8326.59 ,  -0.707001 , 8326.59 , -1.44794 ,  wheelPowerCorectionFactor: , 1 , BeforeAnglePIDWheelPower: , 0 , 
sumTime,angle,sumTime,angleCorrectionPower: , 8343.67 ,  -0.953995 , 8343.67 , -1.95378 ,  wheelPowerCorectionFactor: , 1 , BeforeAnglePIDWheelPower: , 0 , 
sumTime,angle,sumTime,angleCorrectionPower: , 8360.44 ,  -1.75301 , 8360.44 , -3.59016 ,  wheelPowerCorectionFactor: , 1 , BeforeAnglePIDWheelPower: , 0 , 
sumTime,angle,sumTime,angleCorrectionPower: , 8377.2 ,  -2.974 , 8377.2 , -6.09075 ,  wheelPowerCorectionFactor: , 1 , BeforeAnglePIDWheelPower: , 0 , 
sumTime,angle,sumTime,angleCorrectionPower: , 8393.08 ,  -3.87801 , 8393.08 , -7.94216 ,  wheelPowerCorectionFactor: , 1 , BeforeAnglePIDWheelPower: , 0 , 
sumTime,angle,sumTime,angleCorrectionPower: , 8408.94 ,  -3.23801 , 8408.94 , -6.63144 ,  wheelPowerCorectionFactor: , 1 , BeforeAnglePIDWheelPower: , 0 , 
sumTime,angle,sumTime,angleCorrectionPower: , 8424.86 ,  -4.504 , 8424.86 , -9.22419 ,  wheelPowerCorectionFactor: , 1 , BeforeAnglePIDWheelPower: , 0 , 
sumTime,angle,sumTime,angleCorrectionPower: , 8440.96 ,  -4.565 , 8440.96 , -9.34913 ,  wheelPowerCorectionFactor: , 1 , BeforeAnglePIDWheelPower: , 0 , 
sumTime,angle,sumTime,angleCorrectionPower: , 8456.99 ,  -4.619 , 8456.99 , -9.45972 ,  wheelPowerCorectionFactor: , 1 , BeforeAnglePIDWheelPower: , 0 , 
sumTime,angle,sumTime,angleCorrectionPower: , 8473.11 ,  -4.545 , 8473.11 , -9.30816 ,  wheelPowerCorectionFactor: , 1 , BeforeAnglePIDWheelPower: , 0 , 
sumTime,angle,sumTime,angleCorrectionPower: , 8489.45 ,  -4.54401 , 8489.45 , -9.30612 ,  wheelPowerCorectionFactor: , 1 , BeforeAnglePIDWheelPower: , 0 , 
sumTime,angle,sumTime,angleCorrectionPower: , 8505.3 ,  -4.383 , 8505.3 , -8.97638 ,  wheelPowerCorectionFactor: , 1 , BeforeAnglePIDWheelPower: , 0 , 
sumTime,angle,sumTime,angleCorrectionPower: , 8521.03 ,  -4.52499 , 8521.03 , -9.26719 ,  wheelPowerCorectionFactor: , 1 , BeforeAnglePIDWheelPower: , 0 , 
sumTime,angle,sumTime,angleCorrectionPower: , 8536.88 ,  -3.05499 , 8536.88 , -6.25662 ,  wheelPowerCorectionFactor: , 1 , BeforeAnglePIDWheelPower: , 0 , 
sumTime,angle,sumTime,angleCorrectionPower: , 8552.83 ,  -3.00999 , 8552.83 , -6.16447 ,  wheelPowerCorectionFactor: , 1 , BeforeAnglePIDWheelPower: , 0 , 
sumTime,angle,sumTime,angleCorrectionPower: , 8568.77 ,  -1.41299 , 8568.77 , -2.89381 ,  wheelPowerCorectionFactor: , 1 , BeforeAnglePIDWheelPower: , 0 , 
sumTime,angle,sumTime,angleCorrectionPower: , 8585.08 ,  -1.323 , 8585.08 , -2.7095 ,  wheelPowerCorectionFactor: , 1 , BeforeAnglePIDWheelPower: , 0 , 
sumTime,angle,sumTime,angleCorrectionPower: , 8601.06 ,  -1.054 , 8601.06 , -2.15859 ,  wheelPowerCorectionFactor: , 1 , BeforeAnglePIDWheelPower: , 0 , 
sumTime,angle,sumTime,angleCorrectionPower: , 8617.12 ,  -1.44 , 8617.12 , -2.94912 ,  wheelPowerCorectionFactor: , 1 , BeforeAnglePIDWheelPower: , 0 , 
sumTime,angle,sumTime,angleCorrectionPower: , 8633.37 ,  -1.785 , 8633.37 , -3.65569 ,  wheelPowerCorectionFactor: , 1 , BeforeAnglePIDWheelPower: , 0 , 
sumTime,angle,sumTime,angleCorrectionPower: , 8649.36 ,  -2.241 , 8649.36 , -4.58956 ,  wheelPowerCorectionFactor: , 1 , BeforeAnglePIDWheelPower: , 0 , 
sumTime,angle,sumTime,angleCorrectionPower: , 8665.34 ,  -1.41901 , 8665.34 , -2.90612 ,  wheelPowerCorectionFactor: , 1 , BeforeAnglePIDWheelPower: , 0 , 
sumTime,angle,sumTime,angleCorrectionPower: , 8681.1 ,  -1.416 , 8681.1 , -2.89997 ,  wheelPowerCorectionFactor: , 1 , BeforeAnglePIDWheelPower: , 0 , 
sumTime,angle,sumTime,angleCorrectionPower: , 8696.9 ,  -0.360001 , 8696.9 , -0.737281 ,  wheelPowerCorectionFactor: , 1 , BeforeAnglePIDWheelPower: , 0 , 
sumTime,angle,sumTime,angleCorrectionPower: , 8712.66 ,  -0.718002 , 8712.66 , -1.47047 ,  wheelPowerCorectionFactor: , 1 , BeforeAnglePIDWheelPower: , 0 , 
sumTime,angle,sumTime,angleCorrectionPower: , 8728.52 ,  -1.10201 , 8728.52 , -2.25691 ,  wheelPowerCorectionFactor: , 1 , BeforeAnglePIDWheelPower: , 0 , 
sumTime,angle,sumTime,angleCorrectionPower: , 8744.75 ,  -1.647 , 8744.75 , -3.37306 ,  wheelPowerCorectionFactor: , 1 , BeforeAnglePIDWheelPower: , 0 , 
sumTime,angle,sumTime,angleCorrectionPower: , 8760.86 ,  -2.04601 , 8760.86 , -4.19022 ,  wheelPowerCorectionFactor: , 1 , BeforeAnglePIDWheelPower: , 0 , 
sumTime,angle,sumTime,angleCorrectionPower: , 8777.13 ,  -2.38 , 8777.13 , -4.87425 ,  wheelPowerCorectionFactor: , 1 , BeforeAnglePIDWheelPower: , 0 , 
sumTime,angle,sumTime,angleCorrectionPower: , 8792.96 ,  -2.881 , 8792.96 , -5.90028 ,  wheelPowerCorectionFactor: , 1 , BeforeAnglePIDWheelPower: , 0 , 
sumTime,angle,sumTime,angleCorrectionPower: , 8808.94 ,  -2.94501 , 8808.94 , -6.03137 ,  wheelPowerCorectionFactor: , 1 , BeforeAnglePIDWheelPower: , 0 , 
sumTime,angle,sumTime,angleCorrectionPower: , 8824.88 ,  -2.078 , 8824.88 , -4.25575 ,  wheelPowerCorectionFactor: , 1 , BeforeAnglePIDWheelPower: , 0 , 
sumTime,angle,sumTime,angleCorrectionPower: , 8840.67 ,  -1.159 , 8840.67 , -2.37363 ,  wheelPowerCorectionFactor: , 1 , BeforeAnglePIDWheelPower: , 0 , 
sumTime,angle,sumTime,angleCorrectionPower: , 8856.54 ,  -0.552994 , 8856.54 , -1.13253 ,  wheelPowerCorectionFactor: , 1 , BeforeAnglePIDWheelPower: , 0 , 
sumTime,angle,sumTime,angleCorrectionPower: , 8872.65 ,  -0.496002 , 8872.65 , -1.01581 ,  wheelPowerCorectionFactor: , 1 , BeforeAnglePIDWheelPower: , 0 , 
sumTime,angle,sumTime,angleCorrectionPower: , 8888.6 ,  -0.559006 , 8888.6 , -1.14484 ,  wheelPowerCorectionFactor: , 1 , BeforeAnglePIDWheelPower: , 0 , 
sumTime,angle,sumTime,angleCorrectionPower: , 8904.43 ,  0.657 , 8904.43 , 1.34554 ,  wheelPowerCorectionFactor: , 1 , BeforeAnglePIDWheelPower: , 0 , 
sumTime,angle,sumTime,angleCorrectionPower: , 8920.38 ,  -0.416 , 8920.38 , -0.851969 ,  wheelPowerCorectionFactor: , 1 , BeforeAnglePIDWheelPower: , 0 , 
sumTime,angle,sumTime,angleCorrectionPower: , 8936.43 ,  -0.703003 , 8936.43 , -1.43975 ,  wheelPowerCorectionFactor: , 1 , BeforeAnglePIDWheelPower: , 0 , 
sumTime,angle,sumTime,angleCorrectionPower: , 8952.43 ,  -1.737 , 8952.43 , -3.55737 ,  wheelPowerCorectionFactor: , 1 , BeforeAnglePIDWheelPower: , 0 , 
sumTime,angle,sumTime,angleCorrectionPower: , 8968.28 ,  -1.625 , 8968.28 , -3.328 ,  wheelPowerCorectionFactor: , 1 , BeforeAnglePIDWheelPower: , 0 , 
sumTime,angle,sumTime,angleCorrectionPower: , 8984.12 ,  -2.12199 , 8984.12 , -4.34584 ,  wheelPowerCorectionFactor: , 1 , BeforeAnglePIDWheelPower: , 0 , 
sumTime,angle,sumTime,angleCorrectionPower: , 8999.85 ,  -2.28 , 8999.85 , -4.66944 ,  wheelPowerCorectionFactor: , 1 , BeforeAnglePIDWheelPower: , 0 , 
sumTime,angle,sumTime,angleCorrectionPower: , 9015.9 ,  -1.97701 , 9015.9 , -4.04891 ,  wheelPowerCorectionFactor: , 1 , BeforeAnglePIDWheelPower: , 0 , 
sumTime,angle,sumTime,angleCorrectionPower: , 9031.94 ,  -1.271 , 9031.94 , -2.603 ,  wheelPowerCorectionFactor: , 1 , BeforeAnglePIDWheelPower: , 0 , 
sumTime,angle,sumTime,angleCorrectionPower: , 9048.03 ,  -0.914001 , 9048.03 , -1.87187 ,  wheelPowerCorectionFactor: , 1 , BeforeAnglePIDWheelPower: , 0 , 
sumTime,angle,sumTime,angleCorrectionPower: , 9063.83 ,  -0.572998 , 9063.83 , -1.1735 ,  wheelPowerCorectionFactor: , 1 , BeforeAnglePIDWheelPower: , 0 , 
sumTime,angle,sumTime,angleCorrectionPower: , 9079.91 ,  -0.675995 , 9079.91 , -1.38444 ,  wheelPowerCorectionFactor: , 1 , BeforeAnglePIDWheelPower: , 0 , 
sumTime,angle,sumTime,angleCorrectionPower: , 9092.53 ,  0.521 , 9092.53 , 1.06701 ,  wheelPowerCorectionFactor: , 1 , BeforeAnglePIDWheelPower: , 0 , 
sumTime,angle,sumTime,angleCorrectionPower: , 9101.24 ,  0.521 , 9101.24 , 1.06701 ,  wheelPowerCorectionFactor: , 1 , BeforeAnglePIDWheelPower: , 0 , 
sumTime,angle,sumTime,angleCorrectionPower: , 9110.03 ,  2.019 , 9110.03 , 4.13491 ,  wheelPowerCorectionFactor: , 1 , BeforeAnglePIDWheelPower: , 0 , 
sumTime,angle,sumTime,angleCorrectionPower: , 9118.81 ,  3.428 , 9118.81 , 7.02054 ,  wheelPowerCorectionFactor: , 1 , BeforeAnglePIDWheelPower: , 0 , 
sumTime,angle,sumTime,angleCorrectionPower: , 9127.56 ,  3.428 , 9127.56 , 7.02054 ,  wheelPowerCorectionFactor: , 1 , BeforeAnglePIDWheelPower: , 0 , 
sumTime,angle,sumTime,angleCorrectionPower: , 9136.42 ,  3.464 , 9136.42 , 7.09427 ,  wheelPowerCorectionFactor: , 1 , BeforeAnglePIDWheelPower: , 0 , 
sumTime,angle,sumTime,angleCorrectionPower: , 9144.96 ,  2.699 , 9144.96 , 5.52755 ,  wheelPowerCorectionFactor: , 1 , BeforeAnglePIDWheelPower: , 0 , 
sumTime,angle,sumTime,angleCorrectionPower: , 9153.77 ,  2.461 , 9153.77 , 5.04013 ,  wheelPowerCorectionFactor: , 1 , BeforeAnglePIDWheelPower: , 0 , 
sumTime,angle,sumTime,angleCorrectionPower: , 9162.54 ,  2.461 , 9162.54 , 5.04013 ,  wheelPowerCorectionFactor: , 1 , BeforeAnglePIDWheelPower: , 0 , 
sumTime,angle,sumTime,angleCorrectionPower: , 9171.29 ,  3.524 , 9171.29 , 7.21715 ,  wheelPowerCorectionFactor: , 1 , BeforeAnglePIDWheelPower: , 0 , 
sumTime,angle,sumTime,angleCorrectionPower: , 9179.93 ,  2.719 , 9179.93 , 5.56851 ,  wheelPowerCorectionFactor: , 1 , BeforeAnglePIDWheelPower: , 0 , 
sumTime,angle,sumTime,angleCorrectionPower: , 9188.71 ,  2.719 , 9188.71 , 5.56851 ,  wheelPowerCorectionFactor: , 1 , BeforeAnglePIDWheelPower: , 0 , 
sumTime,angle,sumTime,angleCorrectionPower: , 9197.51 ,  3.095 , 9197.51 , 6.33856 ,  wheelPowerCorectionFactor: , 1 , BeforeAnglePIDWheelPower: , 0 , 
sumTime,angle,sumTime,angleCorrectionPower: , 9206.15 ,  2.282 , 9206.15 , 4.67354 ,  wheelPowerCorectionFactor: , 1 , BeforeAnglePIDWheelPower: , 0 , 
sumTime,angle,sumTime,angleCorrectionPower: , 9214.88 ,  2.282 , 9214.88 , 4.67354 ,  wheelPowerCorectionFactor: , 1 , BeforeAnglePIDWheelPower: , 0 , 
sumTime,angle,sumTime,angleCorrectionPower: , 9223.42 ,  1.392 , 9223.42 , 2.85082 ,  wheelPowerCorectionFactor: , 1 , BeforeAnglePIDWheelPower: , 0 , 
sumTime,angle,sumTime,angleCorrectionPower: , 9232.05 ,  0.566 , 9232.05 , 1.15917 ,  wheelPowerCorectionFactor: , 1 , BeforeAnglePIDWheelPower: , 0 , 
sumTime,angle,sumTime,angleCorrectionPower: , 9240.69 ,  0.566 , 9240.69 , 1.15917 ,  wheelPowerCorectionFactor: , 1 , BeforeAnglePIDWheelPower: , 0 , 
sumTime,angle,sumTime,angleCorrectionPower: , 9249.31 ,  -0.358994 , 9249.31 , -0.735219 ,  wheelPowerCorectionFactor: , 1 , BeforeAnglePIDWheelPower: , 0 , 
sumTime,angle,sumTime,angleCorrectionPower: , 9257.88 ,  -0.307999 , 9257.88 , -0.630781 ,  wheelPowerCorectionFactor: , 1 , BeforeAnglePIDWheelPower: , 0 , 
sumTime,angle,sumTime,angleCorrectionPower: , 9266.63 ,  -0.307999 , 9266.63 , -0.630781 ,  wheelPowerCorectionFactor: , 1 , BeforeAnglePIDWheelPower: , 0 , 
sumTime,angle,sumTime,angleCorrectionPower: , 9275.5 ,  -0.526993 , 9275.5 , -1.07928 ,  wheelPowerCorectionFactor: , 1 , BeforeAnglePIDWheelPower: , 0 , 
sumTime,angle,sumTime,angleCorrectionPower: , 9284.11 ,  -1.31599 , 9284.11 , -2.69516 ,  wheelPowerCorectionFactor: , 1 , BeforeAnglePIDWheelPower: , 0 , 
sumTime,angle,sumTime,angleCorrectionPower: , 9292.94 ,  -1.30701 , 9292.94 , -2.67675 ,  wheelPowerCorectionFactor: , 1 , BeforeAnglePIDWheelPower: , 0 , 
sumTime,angle,sumTime,angleCorrectionPower: , 9301.8 ,  -1.30701 , 9301.8 , -2.67675 ,  wheelPowerCorectionFactor: , 1 , BeforeAnglePIDWheelPower: , 0 , 
sumTime,angle,sumTime,angleCorrectionPower: , 9310.49 ,  -2.22701 , 9310.49 , -4.56091 ,  wheelPowerCorectionFactor: , 1 , BeforeAnglePIDWheelPower: , 0 , 
sumTime,angle,sumTime,angleCorrectionPower: , 9319.29 ,  -2.028 , 9319.29 , -4.15334 ,  wheelPowerCorectionFactor: , 1 , BeforeAnglePIDWheelPower: , 0 , 
sumTime,angle,sumTime,angleCorrectionPower: , 9328.31 ,  -2.028 , 9328.31 , -4.15334 ,  wheelPowerCorectionFactor: , 1 , BeforeAnglePIDWheelPower: , 0 , 
sumTime,angle,sumTime,angleCorrectionPower: , 9337.22 ,  -2.44701 , 9337.22 , -5.01147 ,  wheelPowerCorectionFactor: , 1 , BeforeAnglePIDWheelPower: , 0 , 
sumTime,angle,sumTime,angleCorrectionPower: , 9346.01 ,  -2.60899 , 9346.01 , -5.34322 ,  wheelPowerCorectionFactor: , 1 , BeforeAnglePIDWheelPower: , 0 , 
sumTime,angle,sumTime,angleCorrectionPower: , 9354.86 ,  -2.60899 , 9354.86 , -5.34322 ,  wheelPowerCorectionFactor: , 1 , BeforeAnglePIDWheelPower: , 0 , 
sumTime,angle,sumTime,angleCorrectionPower: , 9363.59 ,  -3.22301 , 9363.59 , -6.60072 ,  wheelPowerCorectionFactor: , 1 , BeforeAnglePIDWheelPower: , 0 , 
sumTime,angle,sumTime,angleCorrectionPower: , 9372.22 ,  -3.01199 , 9372.22 , -6.16856 ,  wheelPowerCorectionFactor: , 1 , BeforeAnglePIDWheelPower: , 0 , 
sumTime,angle,sumTime,angleCorrectionPower: , 9381.16 ,  -3.01199 , 9381.16 , -6.16856 ,  wheelPowerCorectionFactor: , 1 , BeforeAnglePIDWheelPower: , 0 , 
sumTime,angle,sumTime,angleCorrectionPower: , 9389.86 ,  -3.89999 , 9389.86 , -7.98719 ,  wheelPowerCorectionFactor: , 1 , BeforeAnglePIDWheelPower: , 0 , 
sumTime,angle,sumTime,angleCorrectionPower: , 9398.48 ,  -4.673 , 9398.48 , -9.57031 ,  wheelPowerCorectionFactor: , 1 , BeforeAnglePIDWheelPower: , 0 , 
sumTime,angle,sumTime,angleCorrectionPower: , 9407.25 ,  -5.502 , 9407.25 , -11.2681 ,  wheelPowerCorectionFactor: , 1 , BeforeAnglePIDWheelPower: , 0 , 
sumTime,angle,sumTime,angleCorrectionPower: , 9415.84 ,  -5.502 , 9415.84 , -11.2681 ,  wheelPowerCorectionFactor: , 1 , BeforeAnglePIDWheelPower: , 0 , 
sumTime,angle,sumTime,angleCorrectionPower: , 9424.65 ,  -6.319 , 9424.65 , -12.9413 ,  wheelPowerCorectionFactor: , 1 , BeforeAnglePIDWheelPower: , 0 , 
sumTime,angle,sumTime,angleCorrectionPower: , 9433.18 ,  -7.2 , 9433.18 , -14.7456 ,  wheelPowerCorectionFactor: , 1 , BeforeAnglePIDWheelPower: , 0 , 
sumTime,angle,sumTime,angleCorrectionPower: , 9441.8 ,  -7.2 , 9441.8 , -14.7456 ,  wheelPowerCorectionFactor: , 1 , BeforeAnglePIDWheelPower: , 0 , 
sumTime,angle,sumTime,angleCorrectionPower: , 9450.49 ,  -8.10899 , 9450.49 , -16.6072 ,  wheelPowerCorectionFactor: , 1 , BeforeAnglePIDWheelPower: , 0 , 
sumTime,angle,sumTime,angleCorrectionPower: , 9459.39 ,  -8.894 , 9459.39 , -18.2149 ,  wheelPowerCorectionFactor: , 1 , BeforeAnglePIDWheelPower: , 0 , 
sumTime,angle,sumTime,angleCorrectionPower: , 9468.2 ,  -8.894 , 9468.2 , -18.2149 ,  wheelPowerCorectionFactor: , 1 , BeforeAnglePIDWheelPower: , 0 , 
sumTime,angle,sumTime,angleCorrectionPower: , 9476.82 ,  -9.77 , 9476.82 , -20.009 ,  wheelPowerCorectionFactor: , 1 , BeforeAnglePIDWheelPower: , 0 , 
sumTime,angle,sumTime,angleCorrectionPower: , 9485.66 ,  -10.671 , 9485.66 , -21.8542 ,  wheelPowerCorectionFactor: , 1 , BeforeAnglePIDWheelPower: , 0 , 
sumTime,angle,sumTime,angleCorrectionPower: , 9494.45 ,  -10.671 , 9494.45 , -21.8542 ,  wheelPowerCorectionFactor: , 1 , BeforeAnglePIDWheelPower: , 0 , 
sumTime,angle,sumTime,angleCorrectionPower: , 9503.14 ,  -11.698 , 9503.14 , -23.9575 ,  wheelPowerCorectionFactor: , 1 , BeforeAnglePIDWheelPower: , 0 , 
sumTime,angle,sumTime,angleCorrectionPower: , 9511.8 ,  -12.776 , 9511.8 , -26.1653 ,  wheelPowerCorectionFactor: , 1 , BeforeAnglePIDWheelPower: , 0 , 
sumTime,angle,sumTime,angleCorrectionPower: , 9520.47 ,  -13.76 , 9520.47 , -28.1805 ,  wheelPowerCorectionFactor: , 1 , BeforeAnglePIDWheelPower: , 0 , 
sumTime,angle,sumTime,angleCorrectionPower: , 9529.27 ,  -13.76 , 9529.27 , -28.1805 ,  wheelPowerCorectionFactor: , 1 , BeforeAnglePIDWheelPower: , 0 , 
sumTime,angle,sumTime,angleCorrectionPower: , 9540.99 ,  -14.88 , 9540.99 , -30.4743 ,  wheelPowerCorectionFactor: , 1 , BeforeAnglePIDWheelPower: , 0 , 
sumTime,angle,sumTime,angleCorrectionPower: , 9556.83 ,  -16.065 , 9556.83 , -32.9011 ,  wheelPowerCorectionFactor: , 1 , BeforeAnglePIDWheelPower: , 0 , 
sumTime,angle,sumTime,angleCorrectionPower: , 9572.9 ,  -17.302 , 9572.9 , -35.4345 ,  wheelPowerCorectionFactor: , 1 , BeforeAnglePIDWheelPower: , 0 , 
sumTime,angle,sumTime,angleCorrectionPower: , 9588.9 ,  -18.52 , 9588.9 , -37.929 ,  wheelPowerCorectionFactor: , 1 , BeforeAnglePIDWheelPower: , 0 , 
sumTime,angle,sumTime,angleCorrectionPower: , 9604.86 ,  -19.279 , 9604.86 , -39.4834 ,  wheelPowerCorectionFactor: , 1 , BeforeAnglePIDWheelPower: , 0 , 
sumTime,angle,sumTime,angleCorrectionPower: , 9620.85 ,  -22.18 , 9620.85 , -45.4246 ,  wheelPowerCorectionFactor: , 1 , BeforeAnglePIDWheelPower: , 0 , 
sumTime,angle,sumTime,angleCorrectionPower: , 9636.66 ,  -23.8 , 9636.66 , -48.7424 ,  wheelPowerCorectionFactor: , 1 , BeforeAnglePIDWheelPower: , 0 , 
sumTime,angle,sumTime,angleCorrectionPower: , 9652.73 ,  -25.415 , 9652.73 , -52.0499 ,  wheelPowerCorectionFactor: , 1 , BeforeAnglePIDWheelPower: , 0 , 
sumTime,angle,sumTime,angleCorrectionPower: , 9668.54 ,  -26.961 , 9668.54 , -55.2161 ,  wheelPowerCorectionFactor: , 1 , BeforeAnglePIDWheelPower: , 0 , 
sumTime,angle,sumTime,angleCorrectionPower: , 9684.32 ,  -28.642 , 9684.32 , -58.6588 ,  wheelPowerCorectionFactor: , 1 , BeforeAnglePIDWheelPower: , 0 , 
sumTime,angle,sumTime,angleCorrectionPower: , 9693.47 ,  -28.642 , 9693.47 , -58.6588 ,  wheelPowerCorectionFactor: , 1 , BeforeAnglePIDWheelPower: , 0 , 
sumTime,angle,sumTime,angleCorrectionPower: , 9702.24 ,  -30.47 , 9702.24 , -62.4026 ,  wheelPowerCorectionFactor: , 1 , BeforeAnglePIDWheelPower: , 0 , 
sumTime,angle,sumTime,angleCorrectionPower: , 9710.75 ,  -32.317 , 9710.75 , -66.1852 ,  wheelPowerCorectionFactor: , 1 , BeforeAnglePIDWheelPower: , 0 , 
sumTime,angle,sumTime,angleCorrectionPower: , 9719.44 ,  -32.317 , 9719.44 , -66.1852 ,  wheelPowerCorectionFactor: , 1 , BeforeAnglePIDWheelPower: , 0 , 
sumTime,angle,sumTime,angleCorrectionPower: , 9728.25 ,  -34.018 , 9728.25 , -69.6689 ,  wheelPowerCorectionFactor: , 1 , BeforeAnglePIDWheelPower: , 0 , 
sumTime,angle,sumTime,angleCorrectionPower: , 9736.97 ,  -35.81 , 9736.97 , -73.3389 ,  wheelPowerCorectionFactor: , 1 , BeforeAnglePIDWheelPower: , 0 , 
sumTime,angle,sumTime,angleCorrectionPower: , 9745.9 ,  -35.81 , 9745.9 , -73.3389 ,  wheelPowerCorectionFactor: , 1 , BeforeAnglePIDWheelPower: , 0 , 
sumTime,angle,sumTime,angleCorrectionPower: , 9754.54 ,  -37.894 , 9754.54 , -77.6069 ,  wheelPowerCorectionFactor: , 1 , BeforeAnglePIDWheelPower: , 0 , 
